bbuckner@AmcoPolymers.com<mailto:bbuckner@AmcoPolymers.com>

Paul

Trainor

Paul Trainor trainorpc@gmail.com<mailto:jim@antekmadison.com>

Tony

Cisneros

tonyc@asiachem-tx.com<mailto:tonyc@asiachem-tx.com>

Ted

Peck

TedP@bapoly.com<mailto:TedP@bapoly.com>

Brandon

Cleary

Brandon@birchplastics.com<mailto:Brandon@birchplastics.com>

Pat

Suiter

psuiter@bg-recycle.com<mailto:psuiter@bg-recycle.com>

Anthony

Kozelka

Anthony@c4poly.com<mailto:Anthony@c4poly.com>

Dwayne

Dillahay

jddillahay@citadelplastics.com<mailto:jddillahay@citadelplastics.com>

Mike

Mumbach

mmumbach@enpol.com<mailto:mmumbach@enpol.com>

Tom

Kimberly

tkimberly@entecresins.com<mailto:tkimberly@entecresins.com>

Tony

Segale

TSegale@RavagoAmericas.com<mailto:TSegale@RavagoAmericas.com>

Kevin

Eberhardt

keberhardt@jamplast.com<mailto:keberhardt@jamplast.com>

Urmi

Thakkar

Urmi@kaltrading.com

Paul Jr.

Laudadio

pauljr@laudadiopolymers.com<mailto:pauljr@laudadiopolymers.com>

James

LaFountain

james@lonestarpolymers.com<mailto:james@lonestarpolymers.com>

Matt

Marshall

mattmarshall@lonestarchemical.com<mailto:mattmarshall@lonestarchemical.com>

Greg

Cadieux

GCadieux@mholland.com<mailto:GCadieux@mholland.com>

David

Diaz

ddiaz@mar-pol.com<mailto:ddiaz@mar-pol.com>

Steve

Dazzo

S.Dazzo@masspolymers.com<mailto:S.Dazzo@masspolymers.com>

Nate

DeAngelis

Ndeangelis@matrixpoly.com<mailto:Ndeangelis@matrixpoly.com>

Francois

Lariviere

francois lariviere francois.lariviere1@gmail.com<mailto:francois%20lariviere%20%3cfrancois.lariviere1@gmail.com>

Robert

Gurzick

Robert.Gurzick@muehlstien.com<mailto:Robert.Gurzick@muehlstien.com>

Willy

Childers

nspi@newsouthpoly.com<mailto:nspi@newsouthpoly.com>

Jeremy

Jackson

jjackson@osterman-co.com<mailto:jjackson@osterman-co.com>

Dave

Youngblood

dave@plasticservice.com<mailto:dave@plasticservice.com>

Craig

Vesser

craig.vesser@polyone.com<mailto:craig.vesser@polyone.com>

Dennis

Gibrick

PlastixDen@aol.com<mailto:PlastixDen@aol.com>

David

Hazel

David.Hazel@resindistributioninc.com<mailto:David.Hazel@resindistributioninc.com>

Lane

Seaman

lane@seamanpolymers.com<mailto:lane@seamanpolymers.com>

John

O'keefe

john@shawpolymers.com<mailto:john@shawpolymers.com>

Dan

Schlobohm

schlo@southernpolymer.com<mailto:schlo@southernpolymer.com>

Brian

Gallion

brian@southlandpolymers.com<mailto:brian@southlandpolymers.com>

Bill

Targun

plastics@targun.com<mailto:plastics@targun.com>
